IND,FAM,POP,SUP
CHG000S,CHG000S,CHO,AFR
CHG001S,CHG001S,CHO,AFR
CHG002S,CHG002S,CHO,AFR
CHG003S,CHG003S,CHO,AFR
CHG004S,CHG004S,CHO,AFR
CHG005S,CHG005S,CHO,AFR
CHG006S,CHG006S,CHO,AFR
CHG007S,CHG007S,CHO,AFR
CHG008S,CHG008S,CHO,AFR
CHG009S,CHG009S,CHO,AFR
CHG010S,CHG010S,CHO,AFR
CHG011S,CHG011S,CHO,AFR
CHG012S,CHG012S,CHO,AFR
CHG013S,CHG013S,CHO,AFR
CHG014S,CHG014S,CHO,AFR
CHG015S,CHG015S,CHO,AFR
CHG016S,CHG016S,CHO,AFR
CHG017S,CHG017S,CHO,AFR
CHG018S,CHG018S,CHO,AFR
CHG020S,CHG020S,CHO,AFR
CHG021S,CHG021S,CHO,AFR
CHG022S,CHG022S,CHO,AFR
CHG023S,CHG023S,CHO,AFR
CHG024S,CHG024S,CHO,AFR
CHG025S,CHG025S,CHO,AFR
CHG026S,CHG026S,CHO,AFR
CHG027S,CHG027S,CHO,AFR
CHG028S,CHG028S,CHO,AFR
CHG029S,CHG029S,CHO,AFR
CHG030S,CHG030S,CHO,AFR
CHG031S,CHG031S,CHO,AFR
CHG032S,CHG032S,CHO,AFR
CHG033S,CHG033S,CHO,AFR
CHG034S,CHG034S,CHO,AFR
CHG035S,CHG035S,CHO,AFR
CHG036S,CHG036S,CHO,AFR
CHG037S,CHG037S,CHO,AFR
CHG038S,CHG038S,CHO,AFR
CHG039S,CHG039S,CHO,AFR
CHG040S,CHG040S,CHO,AFR
CHG041S,CHG041S,CHO,AFR
CHG042S,CHG042S,CHO,AFR
CHG043S,CHG043S,CHO,AFR
CHG044S,CHG044S,CHO,AFR
CHG045S,CHG045S,CHO,AFR
CHG046S,CHG046S,CHO,AFR
CHG047S,CHG047S,CHO,AFR
CHG049S,CHG049S,CHO,AFR
CHG050S,CHG050S,CHO,AFR
CHG051S,CHG051S,CHO,AFR
CHG052S,CHG052S,CHO,AFR
CHG053S,CHG053S,CHO,AFR
CHG054S,CHG054S,CHO,AFR
CHG055S,CHG055S,CHO,AFR
CHG056S,CHG056S,CHO,AFR
CHG058S,CHG058S,CHO,AFR
CHG059S,CHG059S,CHO,AFR
CHG061S,CHG061S,CHO,AFR
CHG062S,CHG062S,CHO,AFR
CHG064S,CHG064S,CHO,AFR
CHG065S,CHG065S,CHO,AFR
CHG066S,CHG066S,CHO,AFR
CHG067S,CHG067S,CHO,AFR
CHG068S,CHG068S,CHO,AFR
CHG069S,CHG069S,CHO,AFR
CHG070S,CHG070S,CHO,AFR
CHG071S,CHG071S,CHO,AFR
CHG072S,CHG072S,CHO,AFR
CHG073S,CHG073S,CHO,AFR
CHG074S,CHG074S,CHO,AFR
CHG075S,CHG075S,CHO,AFR
CHG076S,CHG076S,CHO,AFR
CHG077S,CHG077S,CHO,AFR
CHG078S,CHG078S,CHO,AFR
CHG079S,CHG079S,CHO,AFR
CHG080S,CHG080S,CHO,AFR
CHG081S,CHG081S,CHO,AFR
CHG082S,CHG082S,CHO,AFR
CHG084S,CHG084S,CHO,AFR
CHG085S,CHG085S,CHO,AFR
CHG086S,CHG086S,CHO,AFR
CHG087S,CHG087S,CHO,AFR
CHG088S,CHG088S,CHO,AFR
CHG090S,CHG090S,CHO,AFR
CHG091S,CHG091S,CHO,AFR
CHG092S,CHG092S,CHO,AFR
CHG093S,CHG093S,CHO,AFR
CHG094S,CHG094S,CHO,AFR
CHG095S,CHG095S,CHO,AFR
CHG096S,CHG096S,CHO,AFR
CHG097S,CHG097S,CHO,AFR
CHG098S,CHG098S,CHO,AFR
CHG099S,CHG099S,CHO,AFR
CHG100S,CHG100S,CHO,AFR
HG01112,CLM03,CLM,EUR
HG01113,CLM03,CLM,EUR
HG01114,CLM03,CLM,EUR
HG01119,CLM01,CLM,EUR
HG01121,CLM02,CLM,EUR
HG01122,CLM02,CLM,EUR
HG01123,CLM02,CLM,EUR
HG01124,CLM04,CLM,EUR
HG01125,CLM04,CLM,EUR
HG01126,CLM04,CLM,EUR
HG01130,CLM06,CLM,EUR
HG01131,CLM06,CLM,EUR
HG01133,CLM07,CLM,EUR
HG01134,CLM07,CLM,EUR
HG01135,CLM07,CLM,EUR
HG01136,CLM08,CLM,EUR
HG01137,CLM08,CLM,EUR
HG01138,CLM08,CLM,EUR
HG01139,CLM09,CLM,EUR
HG01140,CLM09,CLM,EUR
HG01141,CLM09,CLM,EUR
HG01142,CLM10,CLM,EUR
HG01148,CLM12,CLM,EUR
HG01149,CLM12,CLM,EUR
HG01150,CLM12,CLM,EUR
HG01250,CLM14,CLM,EUR
HG01251,CLM14,CLM,EUR
HG01252,CLM14,CLM,EUR
HG01253,CLM15,CLM,EUR
HG01254,CLM15,CLM,EUR
HG01255,CLM15,CLM,EUR
HG01256,CLM16,CLM,EUR
HG01257,CLM16,CLM,EUR
HG01258,CLM16,CLM,EUR
HG01259,CLM17,CLM,EUR
HG01260,CLM17,CLM,EUR
HG01261,CLM17,CLM,EUR
HG01269,CLM20,CLM,EUR
HG01271,CLM21,CLM,EUR
HG01272,CLM21,CLM,EUR
HG01273,CLM21,CLM,EUR
HG01274,CLM22,CLM,EUR
HG01275,CLM22,CLM,EUR
HG01276,CLM22,CLM,EUR
HG01277,CLM23,CLM,EUR
HG01278,CLM23,CLM,EUR
HG01279,CLM23,CLM,EUR
HG01280,CLM24,CLM,EUR
HG01281,CLM24,CLM,EUR
HG01284,CLM25,CLM,EUR
HG01341,CLM26,CLM,EUR
HG01342,CLM26,CLM,EUR
HG01343,CLM26,CLM,EUR
HG01344,CLM27,CLM,EUR
HG01345,CLM27,CLM,EUR
HG01346,CLM27,CLM,EUR
HG01347,CLM28,CLM,EUR
HG01348,CLM28,CLM,EUR
HG01349,CLM28,CLM,EUR
HG01350,CLM29,CLM,EUR
HG01351,CLM29,CLM,EUR
HG01352,CLM29,CLM,EUR
HG01353,CLM30,CLM,EUR
HG01354,CLM30,CLM,EUR
HG01355,CLM30,CLM,EUR
HG01356,CLM31,CLM,EUR
HG01357,CLM31,CLM,EUR
HG01358,CLM31,CLM,EUR
HG01359,CLM32,CLM,EUR
HG01360,CLM32,CLM,EUR
HG01361,CLM32,CLM,EUR
HG01362,CLM33,CLM,EUR
HG01363,CLM33,CLM,EUR
HG01364,CLM33,CLM,EUR
HG01365,CLM34,CLM,EUR
HG01366,CLM34,CLM,EUR
HG01367,CLM34,CLM,EUR
HG01369,CLM35,CLM,EUR
HG01372,CLM36,CLM,EUR
HG01374,CLM37,CLM,EUR
HG01375,CLM37,CLM,EUR
HG01376,CLM37,CLM,EUR
HG01377,CLM38,CLM,EUR
HG01378,CLM38,CLM,EUR
HG01379,CLM38,CLM,EUR
HG01383,CLM40,CLM,EUR
HG01384,CLM40,CLM,EUR
HG01385,CLM40,CLM,EUR
HG01389,CLM42,CLM,EUR
HG01390,CLM42,CLM,EUR
HG01391,CLM42,CLM,EUR
HG01431,CLM43,CLM,EUR
HG01432,CLM43,CLM,EUR
HG01433,CLM43,CLM,EUR
HG01435,CLM44,CLM,EUR
HG01437,CLM45,CLM,EUR
HG01438,CLM45,CLM,EUR
HG01439,CLM45,CLM,EUR
HG01440,CLM46a,CLM,EUR
HG01441,CLM46,CLM,EUR
HG01442,CLM46,CLM,EUR
HG01443,CLM47,CLM,EUR
HG01444,CLM47,CLM,EUR
HG01445,CLM47,CLM,EUR
HG01447,CLM48,CLM,EUR
HG01452,CLM50,CLM,EUR
HG01453,CLM50,CLM,EUR
HG01454,CLM50,CLM,EUR
HG01455,CLM51,CLM,EUR
HG01456,CLM51,CLM,EUR
HG01457,CLM51,CLM,EUR
HG01459,CLM52,CLM,EUR
HG01461,CLM53,CLM,EUR
HG01462,CLM53,CLM,EUR
HG01463,CLM53,CLM,EUR
HG01464,CLM54,CLM,EUR
HG01465,CLM54,CLM,EUR
HG01466,CLM54,CLM,EUR
HG01468,CLM55,CLM,EUR
HG01471,CLM56,CLM,EUR
HG01473,CLM57,CLM,EUR
HG01474,CLM57,CLM,EUR
HG01477,CLM58,CLM,EUR
HG01479,CLM59,CLM,EUR
HG01480,CLM59,CLM,EUR
HG01481,CLM59,CLM,EUR
HG01482,CLM60,CLM,EUR
HG01483,CLM60,CLM,EUR
HG01484,CLM60,CLM,EUR
HG01485,CLM61,CLM,EUR
HG01486,CLM61,CLM,EUR
HG01487,CLM61,CLM,EUR
HG01488,CLM62,CLM,EUR
HG01489,CLM62,CLM,EUR
HG01490,CLM62,CLM,EUR
HG01491,CLM63,CLM,EUR
HG01492,CLM63,CLM,EUR
HG01493,CLM63,CLM,EUR
HG01494,CLM64,CLM,EUR
HG01495,CLM64,CLM,EUR
HG01496,CLM64,CLM,EUR
HG01497,CLM65,CLM,EUR
HG01498,CLM65,CLM,EUR
HG01499,CLM65,CLM,EUR
HG01550,CLM66,CLM,EUR
HG01551,CLM66,CLM,EUR
HG01552,CLM66,CLM,EUR
HG01556,CLM68,CLM,EUR
